DROP TABLE IF EXISTS `CATEGORY`;

CREATE TABLE `CATEGORY` (
    `CATEGORY_ID` varchar(45) NOT NULL,
    `CATEGORY_NAME` varchar(100) NOT NULL,
    UNIQUE (`CATEGORY_NAME`),
    PRIMARY KEY (`CATEGORY_ID`)
) ENGINE=InnoDB DEFAULT CHARSET=latin1;

INSERT INTO `category` (`CATEGORY_ID`, `CATEGORY_NAME`) VALUES ('1', 'TV');
INSERT INTO `category` (`CATEGORY_ID`, `CATEGORY_NAME`) VALUES ('2', 'Refrigerators');
INSERT INTO `category` (`CATEGORY_ID`, `CATEGORY_NAME`) VALUES ('3', 'Air Conditioners');
INSERT INTO `category` (`CATEGORY_ID`, `CATEGORY_NAME`) VALUES ('4', 'Computers');
INSERT INTO `category` (`CATEGORY_ID`, `CATEGORY_NAME`) VALUES ('5', 'Audio');
INSERT INTO `category` (`CATEGORY_ID`, `CATEGORY_NAME`) VALUES ('6', 'Washing Machines');

DROP TABLE IF EXISTS `SUB_CATEGORY`;

CREATE TABLE `SUB_CATEGORY` (
    `SUB_CATEGORY_ID` varchar(45) NOT NULL,
    `CATEGORY_ID` varchar(45) NOT NULL,
    `SUB_CATEGORY_NAME` varchar(100) NOT NULL,
    UNIQUE (`SUB_CATEGORY_NAME`),
    PRIMARY KEY (`SUB_CATEGORY_ID`)
) ENGINE=InnoDB DEFAULT CHARSET=latin1;

INSERT INTO `sub_category` (`SUB_CATEGORY_ID`, `CATEGORY_ID`, `SUB_CATEGORY_NAME`) VALUES ('1', '1', 'LED TV');
INSERT INTO `sub_category` (`SUB_CATEGORY_ID`, `CATEGORY_ID`, `SUB_CATEGORY_NAME`) VALUES ('2', '1', 'LED Smart TV');
INSERT INTO `sub_category` (`SUB_CATEGORY_ID`, `CATEGORY_ID`, `SUB_CATEGORY_NAME`) VALUES ('3', '2', 'Freezers');
INSERT INTO `sub_category` (`SUB_CATEGORY_ID`, `CATEGORY_ID`, `SUB_CATEGORY_NAME`) VALUES ('4', '2', 'Refrigerator');
INSERT INTO `sub_category` (`SUB_CATEGORY_ID`, `CATEGORY_ID`, `SUB_CATEGORY_NAME`) VALUES ('5', '2', 'Bootle Coolers');
INSERT INTO `sub_category` (`SUB_CATEGORY_ID`, `CATEGORY_ID`, `SUB_CATEGORY_NAME`) VALUES ('6', '3', 'Inverter AC');
INSERT INTO `sub_category` (`SUB_CATEGORY_ID`, `CATEGORY_ID`, `SUB_CATEGORY_NAME`) VALUES ('7', '3', 'Non - Inverter AC');
INSERT INTO `sub_category` (`SUB_CATEGORY_ID`, `CATEGORY_ID`, `SUB_CATEGORY_NAME`) VALUES ('8', '3', 'Non - Multi Split AC');
INSERT INTO `sub_category` (`SUB_CATEGORY_ID`, `CATEGORY_ID`, `SUB_CATEGORY_NAME`) VALUES ('9', '4', 'Dekstop PC');
INSERT INTO `sub_category` (`SUB_CATEGORY_ID`, `CATEGORY_ID`, `SUB_CATEGORY_NAME`) VALUES ('10', '4', 'Tablets');
INSERT INTO `sub_category` (`SUB_CATEGORY_ID`, `CATEGORY_ID`, `SUB_CATEGORY_NAME`) VALUES ('11', '4', 'Laptops');
INSERT INTO `sub_category` (`SUB_CATEGORY_ID`, `CATEGORY_ID`, `SUB_CATEGORY_NAME`) VALUES ('12', '5', 'HIFI System');
INSERT INTO `sub_category` (`SUB_CATEGORY_ID`, `CATEGORY_ID`, `SUB_CATEGORY_NAME`) VALUES ('13', '5', 'Speaker');
INSERT INTO `sub_category` (`SUB_CATEGORY_ID`, `CATEGORY_ID`, `SUB_CATEGORY_NAME`) VALUES ('14', '5', 'Headphones');
INSERT INTO `sub_category` (`SUB_CATEGORY_ID`, `CATEGORY_ID`, `SUB_CATEGORY_NAME`) VALUES ('15', '5', 'Sound Bar');
INSERT INTO `sub_category` (`SUB_CATEGORY_ID`, `CATEGORY_ID`, `SUB_CATEGORY_NAME`) VALUES ('16', '6', 'Washer Dryer');
INSERT INTO `sub_category` (`SUB_CATEGORY_ID`, `CATEGORY_ID`, `SUB_CATEGORY_NAME`) VALUES ('17', '6', 'Dryer');
INSERT INTO `sub_category` (`SUB_CATEGORY_ID`, `CATEGORY_ID`, `SUB_CATEGORY_NAME`) VALUES ('18', '6', 'Semi Auto Washing Machine');

DROP TABLE IF EXISTS `BRAND`;

CREATE TABLE `BRAND` (
    `BRAND_ID` varchar(45) NOT NULL,
    `BRAND_NAME` varchar(100) NOT NULL,
    UNIQUE (`BRAND_NAME`),
    PRIMARY KEY (`BRAND_ID`)
) ENGINE=InnoDB DEFAULT CHARSET=latin1;

INSERT INTO `brand` (`BRAND_ID`, `BRAND_NAME`) VALUES ('1', 'LG');
INSERT INTO `brand` (`BRAND_ID`, `BRAND_NAME`) VALUES ('2', 'JVC');
INSERT INTO `brand` (`BRAND_ID`, `BRAND_NAME`) VALUES ('3', 'TOSHIBA');

DROP TABLE IF EXISTS `PRODUCT`;

CREATE TABLE `PRODUCT` (
    `PRODUCT_ID` varchar(45) NOT NULL,
    `SUB_CATEGORY_ID` varchar(45) NOT NULL,
    `BRAND_ID` varchar(45) NOT NULL,
    `PRODUCT_CODE` varchar(50) NOT NULL,
    `MODEL_NO` varchar(50) NOT NULL,
    `NAME` VARCHAR(150) NOT NULL,
    `DESCRIPTION` VARCHAR(500) NOT NULL,
    `RATING` VARCHAR(50),
    `IMAGE` VARCHAR(150) NOT NULL,
    `PRICE` DECIMAL NOT NULL,
    `DISCOUNT` DECIMAL NOT NULL,
    `WARRANTY` VARCHAR(150) NOT NULL,
    `AVAILABILITY` tinyint(1) DEFAULT '1',
    PRIMARY KEY (`PRODUCT_ID`)
)ENGINE=InnoDB DEFAULT CHARSET=latin1;

INSERT INTO `product` (`PRODUCT_ID`, `SUB_CATEGORY_ID`, `BRAND_ID`, `PRODUCT_CODE`, `MODEL_NO`, `NAME`, `DESCRIPTION`, `IMAGE`, `PRICE`, `WARRANTY`, `AVAILABILITY`) VALUES ('1', '1', '1', 'LGTV55UT640SOTA', '55UT640SOTA', 'LG Commercial LED TV', 'LG LED TV', 'led1.jpg', '179999', '1 Year Warranty', '10');
INSERT INTO `product` (`PRODUCT_ID`, `SUB_CATEGORY_ID`, `BRAND_ID`, `PRODUCT_CODE`, `MODEL_NO`, `NAME`, `DESCRIPTION`, `IMAGE`, `PRICE`, `WARRANTY`, `AVAILABILITY`) VALUES ('2', '1', '1', 'LGTV32LM550BPTA', '32LM550BPTA', 'LG 32 LED TV', 'LG 32 LED TV', 'led2.jpg', '34999', '3 Year Warranty', '10');
INSERT INTO `product` (`PRODUCT_ID`, `SUB_CATEGORY_ID`, `BRAND_ID`, `PRODUCT_CODE`, `MODEL_NO`, `NAME`, `DESCRIPTION`, `IMAGE`, `PRICE`, `WARRANTY`, `AVAILABILITY`) VALUES ('3', '1', '1', 'LGTV43LM5500PTA', '43LM5500PTA', 'LG 43 LED TV', 'LG 43 LED TV', 'led3.jpg', '69999', '3 Year Warranty', '10');
INSERT INTO `product` (`PRODUCT_ID`, `SUB_CATEGORY_ID`, `BRAND_ID`, `PRODUCT_CODE`, `MODEL_NO`, `NAME`, `DESCRIPTION`, `IMAGE`, `PRICE`, `DISCOUNT`, `WARRANTY`, `AVAILABILITY`) VALUES ('4', '1', '2', 'JVTV32N355', '32N355', 'JVC 32 LED TV', 'JVC 32 LED TV', 'led4.jpg', '49990', '10', '3 Year Warranty', '10');

INSERT INTO `product` (`PRODUCT_ID`, `SUB_CATEGORY_ID`, `BRAND_ID`, `PRODUCT_CODE`, `MODEL_NO`, `NAME`, `DESCRIPTION`, `IMAGE`, `PRICE`, `WARRANTY`, `AVAILABILITY`) VALUES ('5', '2', '2', 'JVTV32N750', 'LT-32N750', 'JVC 32 Smart LED TV', 'JVC 32 Smart LED TV', 'led5.jpg', '59999', '3 Year Warranty', '10');
INSERT INTO `product` (`PRODUCT_ID`, `SUB_CATEGORY_ID`, `BRAND_ID`, `PRODUCT_CODE`, `MODEL_NO`, `NAME`, `DESCRIPTION`, `IMAGE`, `PRICE`, `DISCOUNT`, `WARRANTY`, `AVAILABILITY`) VALUES ('6', '2', '3', 'THTV32L5650VE', '32L5650VE', 'TOSHIBA 32 Smart LED TV', 'TOSHIBA 32 Smart LED TV', 'led6.jpg', '54999', '10', '3 Year Warranty', '10');

INSERT INTO `product` (`PRODUCT_ID`, `SUB_CATEGORY_ID`, `BRAND_ID`, `PRODUCT_CODE`, `MODEL_NO`, `NAME`, `DESCRIPTION`, `IMAGE`, `PRICE`, `WARRANTY`, `AVAILABILITY`) VALUES ('7', '6', '1', 'LGACINQ24K22FA-DP', 'S3-Q24K22FA', 'LG Air Conditioner 24000BTU Dual Cool STD Plus R32 Inverter With Wifi', 'LG Air Conditioner 24000BTU Dual Cool STD Plus R32 Inverter With Wifi', 'ac1.jpg', '204990', '2 Year Warranty', '10');
INSERT INTO `product` (`PRODUCT_ID`, `SUB_CATEGORY_ID`, `BRAND_ID`, `PRODUCT_CODE`, `MODEL_NO`, `NAME`, `DESCRIPTION`, `IMAGE`, `PRICE`, `WARRANTY`, `AVAILABILITY`) VALUES ('8', '6', '1', 'LGACINQ12JA2FB-DP', 'S3-Q12JA2FB', 'LG Air Conditioner 12000BTU Dual Cool STD Plus R32 Inverter with Wifi', 'LG Air Conditioner 12000BTU Dual Cool STD Plus R32 Inverter with Wifi', 'ac2.jpg', '144990', '2 Year Warranty', '10');

INSERT INTO `product` (`PRODUCT_ID`, `SUB_CATEGORY_ID`, `BRAND_ID`, `PRODUCT_CODE`, `MODEL_NO`, `NAME`, `DESCRIPTION`, `IMAGE`, `PRICE`, `WARRANTY`, `AVAILABILITY`) VALUES ('9', '7', '1', 'ABACST18CRR32H', 'ABLG-18CR-R32H', 'ABANS Air Conditioner 18000BTU R32 Fix Speed', 'ABANS Air Conditioner 18000BTU R32 Fix Speed', 'ac3.jpg', '109990', '1 Year Warranty', '10');
INSERT INTO `product` (`PRODUCT_ID`, `SUB_CATEGORY_ID`, `BRAND_ID`, `PRODUCT_CODE`, `MODEL_NO`, `NAME`, `DESCRIPTION`, `IMAGE`, `PRICE`, `WARRANTY`, `AVAILABILITY`) VALUES ('10', '7', '1', 'ABACST24CRR32H', 'ABLG-24CR-R32H', 'ABANS Air Conditioner 24000BTU R32 Fix Speed', 'ABANS Air Conditioner 24000BTU R32 Fix Speed', 'ac3.jpg', '134990', '1 Year Warranty', '10');

DROP TABLE IF EXISTS `ORDERS`;

CREATE TABLE `ORDERS` (
  `ORDER_ID` varchar(45) NOT NULL,
  `ORDER_DATE` timestamp NOT NULL DEFAULT CURRENT_TIMESTAMP,
  `BILLING_FIRSTNAME` VARCHAR(150) NOT NULL,
  `BILLING_LASTNAME` VARCHAR(150) NOT NULL,
  `BILLING_ADDRESS` VARCHAR(500) NOT NULL,
  `BILLING_CITY` VARCHAR(150) NOT NULL,
  `BILLING_POSTAL_CODE` VARCHAR(10) NOT NULL,
  `BILLING_PHONE_NUMBER` VARCHAR(150) NOT NULL,
  `BILLING_EMAIL` VARCHAR(150) NOT NULL,
  `DELIVERY_FIRSTNAME` VARCHAR(150) NOT NULL,
  `DELIVERY_LASTNAME` VARCHAR(150) NOT NULL,
  `DELIVERY_ADDRESS` VARCHAR(500) NOT NULL,
  `DELIVERY_CITY` VARCHAR(150) NOT NULL,
  `DELIVERY_POSTAL_CODE` VARCHAR(10) NOT NULL,
  `DELIVERY_PHONE_NUMBER` VARCHAR(150) NOT NULL,
  `DELIVERY_EMAIL` VARCHAR(150) NOT NULL,
  `STATUS` enum('PENDING','APPROVED','COMPLETED') DEFAULT 'PENDING',
  `NOTES` VARCHAR(500) DEFAULT NULL,
  `AMOUNT` DECIMAL NOT NULL,
  PRIMARY KEY (`ORDER_ID`)
)ENGINE=InnoDB DEFAULT CHARSET=latin1;

DROP TABLE IF EXISTS `ORDER_PRODUCT`;

CREATE TABLE `ORDER_PRODUCT` (
  `ORDER_PRODUCT_ID` varchar(45) NOT NULL,
  `ORDER_ID` varchar(45) NOT NULL,
  `PRODUCT_ID` varchar(45) NOT NULL,
  `QTY` int(5) NOT NULL,
  `UNIT_PRICE` DECIMAL NOT NULL,
  `DISCOUNT` DECIMAL DEFAULT NULL,
  PRIMARY KEY (`ORDER_PRODUCT_ID`)
)ENGINE=InnoDB DEFAULT CHARSET=latin1;

DROP TABLE IF EXISTS `PAYMENT`;

CREATE TABLE `PAYMENT` (
  `PAYMENT_ID` varchar(45) NOT NULL,
  `ORDER_ID` varchar(45) NOT NULL,
  `PAYMENT_METHOD` VARCHAR(150) NOT NULL,
  `AMOUNT` DECIMAL NOT NULL,
  `CARD_OWNER` varchar(50) DEFAULT NULL,
  `CARD_NUMBER` varchar(16) DEFAULT NULL,
  `EXPIRY_DATE` varchar(5) DEFAULT NULL,
  `CVV_CODE` varchar(4) DEFAULT NULL,
  PRIMARY KEY (`PAYMENT_ID`)
)ENGINE=InnoDB DEFAULT CHARSET=latin1;
